http://www.deutschland-angeln.de/archive/index.php?t-5512.html	LifeAndLeisure
http://blog.moneybag.de/hootoo-wlan-pan-tilt-ip-webcam-ein-erfahrungsbericht/comment-page-1/	Technology
http://www.diezeitschrift.de/42007/stichwort.htm	History
http://www.xborgforum.de/archive/index.php/t-124.html	LifeAndLeisure
http://www.openwirtschaft.de/pressemitteilung/handel/hfbe51z-neue_schutzmatten_in_attraktiven_farben.htm	Business
http://www.leselupe.de/blog/2008/01/27/Neue-Freunde/	FineArts
http://www.deutschland-angeln.de/archive/index.php?t-6573.html	LifeAndLeisure
http://www.q-test.de/virtuelle-bauernfaengerei-bei-nervenkrieg-test-680-006-005-003.html	Business
http://www.arche-heidelberg.de/index_home.htm	Beliefs
http://www.sofacoach.de/forum/archive/index.php/t-4-p-67.html	LifeAndLeisure
http://www.skodacommunity.de/skoda-forum/skoda-superb-i-forum/42167-autogasanlage-welcher-hersteller-ist-am-besten-f%C3%BCr-den-superb-1-geeignet/	Business
http://www.wrestling-infos.de/board/10221-wwe-bragging-rights-neuem-konzept.html	LifeAndLeisure
http://www.fantaxy.de/lokales-f184/nachrichtenboten-community-seite-31-kalenderwoche-t13363.html	FineArts
http://www.kostenlos.anzeigenbeamer.de/Verschiedenes_809/Jetzt-kostenlosen-Traffic-sichern..._21878.html	Business
http://www.wissen.lauftext.de/die-natur/die-zeit/kalendergeschichten.html	History
http://www.papyrus-magazin.de/archiv/2002_2003/maerz/3_4_2003_cairojazzclub.html	FineArts
http://www.probloggerworld.de/bloggerei-porno-skandal/388/	LifeAndLeisure
http://www.boote-magazin.de/test_technik/125-jahre-motorboot/a37603.html	History
http://www.modeopfer110.de/mode-know-how/modeklassiker-stilikonen/kelly-bag.html	FineArts
http://www.ihk-nuernberg.de/de/IHK-Magazin-WiM/WiM-Archiv/WIM-Daten/2010-06/Berichte-und-Analysen/Schwache-Leistung.html	Business
http://forum.kanu.de/archive/index.php/t-1807.html	LifeAndLeisure
http://gleisdreieck-blog.de/2009/12/17/kein-fusball-im-gleisdreieck-park/	LifeAndLeisure
http://www.katho-nrw.de/katho-nrw/hochschule/presse-oeffentlichkeitsarbeit/pressemitteilungen/pressearchiv/pressemitteilungen-von-2008-januar-bis-november/kinder-psychisch-kranker-eltern-04072007/	Medical
http://www.kostenlos.anzeigenbeamer.de/Modellbau_794/_/_/	Business
http://www.beamerforum.de/BBForum/archive/index.php/t-9184.html	LifeAndLeisure
http://www.yoga-aktuell.de/themen-bewusstsein/item/322-meisterschaft-%C3%BCber-den-geist.html	Beliefs
http://www.kitticat.de/archive/index.php/t-1564.html	LifeAndLeisure
http://www.henryk-broder.de/html/tb_spiegel.html	Beliefs
http://www.frauenworte.de/vbforum/archive/index.php/t-30177.html	Business
http://forum.effizienzgurus.de/f36/etwas-altes-opteron-170-auf-abit-ul8-sockel-939-a-t6764.html	LifeAndLeisure
http://www.fussball-sr.de/archive/index.php/t-2006.html	LifeAndLeisure
http://www.knx-professionals.de/forum/archive/index.php/t-243.html	Business
http://www.lau-net.de/TSV.Winkelhaid/bauehr.htm	Business
http://www.insulinclub.de/archive/index.php/t-11613.html	LifeAndLeisure
http://www.itas.fzk.de/tatup/103/esch10a.htm	PoliticsSociety
http://www.pc-max.de/forum/vorstellung-eigener-mods/32195-pc-max-projekt-cubino-3.html	LifeAndLeisure
http://www.whq-forum.de/invisionboard/lofiversion/index.php?t21510.html	PoliticsSociety
http://bissfan.de/wbb/themen-mit-biss/stephenie-meyer/b-cher/bis-s-zum-ende-der-nacht/4739-was-gef-llt-euch-am-besten/index3.html	FineArts
http://www.unterwasserwelt.de/html/mares_tauchcomputer_nemo_excel.html	LifeAndLeisure
http://solingen-internet.de/si-hgw/50er-2.htm	History
http://www.capital.de/steuern-recht/:Urteilsticker--Ihr-gutes-Recht/100034852.html	Business
http://www.medien-sport-politik.de/2011/02/06/premier-league-20102011-26-fc-chelsea-fc-liverpool/	LifeAndLeisure
http://www.trekzone.de/content/literatur/verzeichnis/scifi/games/3833219416.htm	FineArts
http://pbhub.de/archive/turtlecaps-1939.htm	FineArts
http://forum.adeba.de/kinderwunschforum-alles-rund-um-kinderwunsch/50420-distelarmee-erst-recht-2.html	LifeAndLeisure
http://www.geld-kompakt.de/2008/11/10/ebay-geschenke-unterm-weihnachtsbaum/	Business
http://blog.hiphop.de/HerrMerkt/60669/	FineArts
http://www.tatort-fundus.de/web/medien/broschueren/folge-700-2008/fehler-in-der-jubilaeumsbroschuere.html	FineArts
http://www.chf.de/benzolring/presse/2007/pressestimmen-07-03-22.html	PoliticsSociety
http://www.geld-kompakt.de/2008/07/15/new-yorker-kreditkarte-money-to-dress-for-the-moment/	Business
http://www.fsrpowi.de/altes%20Forum/thread1541.html	PoliticsSociety
http://www.kreis-archiv.de/zyklus2200/pr2248.html	FineArts
http://www.rocktimes.de/gesamt/opq/pyrophoric/despair_in_control.html	FineArts
http://www.embjapan.de/forum/anfaenger-sonderregeln-hiragana-t11510.html	LifeAndLeisure
http://www.cimdata.de/weiterbildung/abendseminare/	FineArts
http://www.egge-weser-digital.de/htm-inhalte/17150151.html	LifeAndLeisure
http://www.esmarch-ferienhauser.de/ferienhaus/vesterhavet/	Business
http://www.gruene.de/30-gruene-jahre/gruen-waechst-ein-interview-mit-oliver-sartorius-infratest-ueber-wahlergebnisse-und-umfragen.html	PoliticsSociety
http://www.leserberichte.de/themen/rattanmoebel.htm	Business
http://www.swu.de/geschaeftskunden/energie-wasser/ins-schwarze-mit-anschuetz.html	Business
http://www.math.uni-hamburg.de/home/gunesch/Vorlesung/WiSe2010-11/Sem_DynSp/Sem_DynSp.html	PublicLifeAndInfrastructure
http://forum.isuv.de/archive/47403/thread.html	Business
http://www.aeksh.de/shae_alt/2002/200204/h024057a.html	Medical
http://www.filmvorfuehrer.de/topic/11904-einstellen-ernemann-videvox-x3-80-gleichrichter/	LifeAndLeisure
http://www.pickup-tipps.de/forum/sex/7515-swingerclub.html	LifeAndLeisure
http://www.jetzt-weiss-ich.de/ergaenzungsmittel-im-grosshandel-oder-zu-grosshandelspreisen-kaufen.html	Business
http://www.stauff.de/matgesch/dateien/wertetabelle_ur.htm	Science
http://www.embjapan.de/forum/grammatikfrage---jap-t456-s11.html	LifeAndLeisure
http://www.phytodoc.de/artikel/schoene-haut-diese-lebensmittel-habens-in-sich/	History
http://home.wtal.de/cats/frames/Infocat%2020f.htm	LifeAndLeisure
http://www.klemmpartner.de/drucken/kompetenzen/89/	Law
http://www.selbst.de/bauen-renovieren-artikel/energie-sparen/fassaden-daemmung/kellerdecke-mit-waermedaemmung-148815.html	LifeAndLeisure
http://www.1erforum.de/maengel-am-motor-elektrik/stottern-beim-anlassen-76617.html	LifeAndLeisure
http://www.toxcenter.de/artikel/Epileptischer-Anfall-durch-Parkett-Kleber.php	Medical
http://www.bloodzone-forum.de/h%C3%B6lle-lebenden-toten-uncut-zombies/horror-filme-f5/horror-genre-f326/t3025-f30/	FineArts
http://jestrabek.homepage.t-online.de/mensch.htm	Philosophy
http://www.mietwagen-talk.de/smalltalk/9214-oktoberfest-2011-m-nchen/index2.html	LifeAndLeisure
http://www.cyberbloc.de/index.php?/site/v3_comments/produktttest_schutzhuellen_fuer_das_apple_ipad_teil_2/	LifeAndLeisure
http://www.stadtteilarbeit.de/handlungsfelder-gwa/aktivierung-empowerment/332-jugend-aktiv-gemeinwesen.html	PoliticsSociety
http://www.jasms.de/anime/higashi_no_eden_tv1/higashi_no_eden_tv1_start.html	FineArts
http://www.grafenwald.de/strassen/mercatorstrasse.htm	History
http://www.solarportal24.de/nachrichten_25349_2008_erfolgreichstes_jahr_der_unternehmensgeschichte_fuer_col.html	Business
http://www.plerzelwupp.de/projekt-52-woche-13-auf-dem-kopf/	LifeAndLeisure
http://www.sign-project.de/10_5778.php	LifeAndLeisure
http://www.citforum.de/archive/index.php/t-62639.html	Business
http://www.trichoptera-rp.de/html/bestimmbarkeit.html	Science
http://www.techno.de/forum/archive/index.php/t-10042.html	LifeAndLeisure
http://www.esmarch-ferienhauser.de/ferienhaus/ferienhaus-meer/gem/	Business
http://www.community-solingen.de/archive/index.php/t-14361.html	Law
http://www.uni-stuttgart.de/hi/sgm/lehre_studium/wissenskulturen/index.html	PublicLifeAndInfrastructure
http://www.techno.de/forum/archive/index.php/t-126.html	LifeAndLeisure
http://www.internet-intelligenz.de/print-fachartikel235563.html	Business
http://www.supra.grundschuldidaktik.uni-bamberg.de/lernfeld-natur-und-technik/luft/fachdidaktische-informationen.html	LifeAndLeisure
http://torfabrik.de/profis/borussia/datum/2008/02/29/neuville-und-friend-treffen-zum-sieg.html	LifeAndLeisure
http://www.links-lang.de/presse/2604.php	History
http://www.vwfd.de/2/28/284.php	LifeAndLeisure
http://www.forum-alkoholiker.de/ftopic24281-0.html	LifeAndLeisure
http://www.deutsche-diabetes-gesellschaft.de/redaktion/organisation/ags/diabetes-geriatrie-mg.php	LifeAndLeisure
http://www.dija.de/toolbox-religion/basisinformationen/christentum/katholische-kirche/	Beliefs
http://www.deutsche-diabetes-gesellschaft.de/redaktion/organisation/landesgruppen/baden_wuerttemberg_aktiv.php	LifeAndLeisure
http://www.unser-luebeck.de/content/view/3123/198/	FineArts
http://m.schuelerlexikon.de/mobile_biologie/Individualentwicklung.htm	Science
http://www.babilu.de/go/magazine12318666/Kinderlied-Zehn-kleine-Zappelmaenner.htm	Business
http://www.happypainting.de/archive/index.php/t-6814.html	FineArts
http://www.cyberbloc.de/index.php?/site/v3_comments/kurztest_samsung_scx_4200_s_w_laserdrucker_scanner_kopierer/	Technology
http://sla03.ex.ba-heidenheim.de/script/43rdmzug.htm	Science
http://www.ad-rem-verlag.de/leasing.html	Business
http://www.2012spirit.de/2011/03/ein-galaktisches-marchen-von-michael-lightweaver/	Beliefs
http://www.spielotheka.de/novoline-alternative-online-pferdewetten/	Business
http://feldpolitik.de/2010/10/02/ein-waldschloesschen-fuer-stuttgart21/	PoliticsSociety
http://www.kakteenforum.de/archive/index.php/t-2806.html	LifeAndLeisure
http://www.karrierefuehrer.de/ausland/cems.html	Business
http://www.comicblog.de/2010/01/19/der-bitterboese-grosswesir-isnogud/	FineArts
http://www.bvmw.de/landesverband-baden-wuerttemberg/geschaeftsstellen/heilbronn.html	Business
http://www.fachzeitungen.de/fachbeitraege/komponenten-wirkungsvollen-und-sympathischen-auftretens-10955/	LifeAndLeisure
http://www.data-travelers.de/2007/05/08/php5-der-aerger-geht-weiter.html	LifeAndLeisure
http://picotours.de/Rundreise-porto-lissabon.html	Business
http://www.sylt-und-ich.de/stories/die-beliebtesten/story/561.html	LifeAndLeisure
http://www.kinomorgen.de/film/jahrohneliebe.html	FineArts
http://www.artikelmagazin.de/musik/didgeridoo-das-musikinstrument-der-aborigines-ureinwohner-australiens.html	FineArts
http://www.dengmert.de/nachrichten/197/	PoliticsSociety
http://www.rundschau-hd.de/archives/5452/print/	FineArts
http://www.rettforum.de/archive/index.php/t-1740.html	LifeAndLeisure
http://www.medizinlexikon-online.de/Pityriasis_versicolor.php	Medical
http://www.fahrschulforum.de/fuehrerschein/Schlafen,207041_msg.html	LifeAndLeisure
http://www.channelpartner.de/channelcenter/storage_server/2386647/index.html	Technology
http://www.muslim-markt.de/forum/messages/3002.htm	Beliefs
http://www.aid.de/ernaehrung/senioren_unterernaehrung.php	LifeAndLeisure
http://www.biosicherheit.de/projekte/931.auswirkungen-maispollen-honigbiene.html	Science
http://m.schuelerlexikon.de/mobile_englisch/Kanadisches_Englisch.htm	PoliticsSociety
http://www.vzhh.de/~upload/vz/VZTexte/TexteUmwelt/Projekt_NSB/gleih.htm	Law
http://www.eskalierende-traeume.de/heute-um-2015-in-der-ardpolizeiruf-110-cassandras-warnung/	FineArts
http://www.biosicherheit.de/archiv/333.biologische-sicherheitsforschung.html	PoliticsSociety
http://www.marani-verlag.de/html/sinfonie.html	Beliefs
http://www.wilhelm-roth.de/Versc/20-Rep-1.htm	FineArts
http://weblog.thomasmoser-berlin.de/archive/2010/08/29/20-jahre-dezentrale-kulturarbeit-in-tempelhof-sch-neberg.htm	FineArts
http://www.hockeyweb.de/oberliga/nachrichten/artikel/news/interview-mit-kemptens-teammanager/	LifeAndLeisure
http://www.autoscout24.de/modelle/buick/	Business
http://www.kreis.aw-online.de/kvar/VT/hjb1988/hjb1988.17.htm	FineArts
http://www.wochenanzeiger.de/article/95749.html	LifeAndLeisure
http://www.excitingcommerce.de/2011/04/exceed-belohnungsdienst.html	Business
http://www.kreis.aw-online.de/kvar/VT/hjb1990/hjb1990.27.htm	History
http://www.gitarre-spielen-lernen.de/forum/ftopic8308.html	FineArts
http://www.blogwave.de/blogs-in-zeiten-von-twitter-facebook-und-co.html	LifeAndLeisure
http://www.kheichhorn.de/html/body_bundeswehr.html	Beliefs
http://www.dl0bn.de/archiv/1960/ar60-1.htm	Business
http://www.gdpbundespolizei.de/2007/04/gesprach-mit-bmi-schauble-zur-neuorganisation-der-bundespolizei/print/	PoliticsSociety
http://www.planetheavymetal.de/drucker-1383.html	FineArts
http://www.karlheinz-everts.de/Texte/Schaeferhund.html	FineArts
http://www.backagain.de/punkhc/pissingr.htm	FineArts
http://www.sverige.de/lexi/lexi_glei.htm	History
http://netzwerk-regenbogen.de/genfood040601.html	Medical
http://www.halobase.de/forum/archive/index.php/t-13748.html	LifeAndLeisure
http://www.gdpbundespolizei.de/2011/05/%e2%80%9eohne-moos-nichts-los%e2%80%9c-%e2%80%93-fur-grenzkontrollen-braucht-die-bundespolizei-geld/print/	PoliticsSociety
http://www.pro-wohnen.de/Mietrecht_Wohnflaeche.htm	Business
http://n-ffb-lippe.de/87.0.html	Business
http://www.r-l-x.de/forum/archive/index.php/t-96431.html	LifeAndLeisure
http://www.r-l-x.de/forum/archive/index.php/t-76852.html	Business
http://www.senatorman.de/v2/impressum.htm	Business
http://www.pluriel.de/Fremd-Radio%3A-Alles-zu-Nach--und-Umr%FCstung_1420-100.html	Technology
http://www.kaowner.de/forum/archive/index.php/t-248.html	Technology
http://hinter-den-schlagzeilen.de/2011/07/21/das-erbe-von-hartz-iv/	Business
http://www.kanzlei-jun.de/opfer-allianz-aktuelles-39.html	Business
http://www.iti-germany.de/presse/2010-03-04pq2011.htm	FineArts
http://www2.uni-erfurt.de/theol/nachrichten/n0137.htm	Beliefs
http://www.healthindex.de/kartenlegen/kartenlegen-lernen.php	Beliefs
http://www.wissen57.de/martin-luther-kampft-gegen-den-ablasshandel.html	Beliefs
http://community.cablesurf.de/forum/archive/index.php/t-994.html	Technology
http://board.4meter.de/archive/index.php/t-699.html	LifeAndLeisure
http://board.4meter.de/archive/index.php/t-1554.html	PublicLifeAndInfrastructure
http://www.siedler-games.de/forum/diesiedleronline-browsergame/24655-spielerkonto-abzugeben-3.html	Business
http://www.inside-racing.de/motorsportgeschichten/1940-f1-das-toyota-f1-team-im-portrait.html	Business
http://www.event-incentive-training.de/302/Incentive+Eventideen+Kart-Race.html	Business
http://gaestebuch.gbserver.de/padly,2,10.html	FineArts
http://vfr08fans.npage.de/fanturnier-2011_72113831.html	LifeAndLeisure
http://www.arcor-user-forum.de/easybox-802-und-fritzbox-3270-a-4464/	LifeAndLeisure
http://www.geckoz.de/archive/index.php/t-6399.html	LifeAndLeisure
http://foren.gamaxx.de/archive/index.php/t-14346.html	LifeAndLeisure
http://www.inaro.de/Deutsch/KULTURPF/Heilpfl/Arnika.htm	LifeAndLeisure
http://diskussionen.die-fans.de/nordostfussball/39650-fc-treptow-saison-2011-2012/2.html	LifeAndLeisure
http://www.martialartsboard.de/archive/index.php?t-1190.html	FineArts
http://www.arcor-user-forum.de/easybox-802-anschluss-eines-routers-moeglich-1925/seite3/	Technology
http://www.decemsys.de/sallust/virt-glo.htm	FineArts
http://www.sonntagsblatt-bayern.de/archiv01/46/woche9.htm	Beliefs
http://www.besuche-oscar-wilde.de/werke/deutsch/erzaehlungen/dorian_gray14.htm	FineArts
http://www.berlinfrogs.de/Tipps/Rueckwandgestaltung.html	LifeAndLeisure
http://www.itespresso.de/2010/09/13/tool-uberpruft-tracking-codes-von-websites/	Technology
http://www.greifswald.de/unterwegs-in-greifswald/kunstkultur/kulturelle-einrichtungen/stadtarchiv-greifswald/stadtgeschichte/print.html	History
http://www.kks-marburg.de/component/content/article/394.html	Business
http://woman.brigitte.de/leben-lieben/beruf-gesellschaft/tiere-fuer-menschen-1069656/	LifeAndLeisure
http://www.leipzig.de/de/buerger/bildung/ausbildung/bewerbungshinweise/	Business
http://www.photoshop-cafe.de/forum/archive/index.php/t-13943.html	FineArts
http://www.heimatverein-calau.de/content/view/461/59/	History
http://www.cysticus.de/naturheilkunde-forum/sehschwaeche-t2897.html	Beliefs
http://gottes-wort.over-blog.de/m/article-79651847.html	Beliefs
http://www.sheng-fui.de/tagesweisheit/tagesweisheit-174/	PoliticsSociety
http://www.hartwig-w.de/text/irra/index.htm	Philosophy
http://www.enbausa.de/nc/daemmung-fassade/aktuelles/artikel/nachhaltigkeit-bremst-u-wert-hatz-bei-fenstern-1630.html	Business
http://games.germanblogs.de/archive/2011/03/17/alice-madness-returns-infos-plot-und-release.htm	LifeAndLeisure
http://www.sr-nexus.de/bb/topic8843-255.html	LifeAndLeisure
http://www.singesong.de/103-sophokratie-de/01-ibd%202009/11_ich_bin_dafuer.htm	Philosophy
http://www.boersenforum.de/boersen-einsteigerforum/1182801-hallo-ich-bin-neu-hier-und-habe-ein-paar-fragen.html	Business
http://plan17.de/netzwerk/werle/leseproben/sozialfahnder/	LifeAndLeisure
http://www.travelhomepage.de/namibia/nam5.htm	LifeAndLeisure
http://www.golfhaus.de/forum/ftopic1312-40.html	LifeAndLeisure
http://www.vonwolkenstein.de/forum/archive/index.php?t-4768.html	Philosophy
http://www.powercroco.de/12N10P3520speedscorpion.html	Technology
http://www.baufinanzierung-vergleich24.de/news/tipps_tricks/sparen_sie_weiter.html	Business
http://zsb.uni-muenster.de/material/m058.htm	Beliefs
http://www.egotrip.de/bucher/08/0807_raf.html	FineArts
http://www.heilkraeuter.de/report/kraeuter-wanderungen/070707/index.htm	LifeAndLeisure
http://www.bahnfotokiste.de/hamburg/man/index.html	History
http://www.kgsberlin.de/archiv/eintrag/art54010.html	LifeAndLeisure
http://www.autointell.de/News-deutsch-2009/Oktober-09/Oktober-3/okt-29-09-p6.htm	Business
http://www.transcript-verlag.de/ts1059/ts1059.php	FineArts
http://www.roter-stern-leipzig.de/spiel1536.html	LifeAndLeisure
http://aka.blogsport.de/2009/05/23/diskussion-zur-islamkritik/	Beliefs
http://www.jfk-stemwede.de/oldpage/OA/Programm/7.htm	FineArts
http://www.2jesus.de/bibel-forum/gott-ist-gro%c3%9f-t5381.html	Beliefs
http://fmcorner.4players.de/forum/archive/index.php/t-12428.html	LifeAndLeisure
http://www.pkv-financial.de/wblog/2008/02/21/die-lebensversicherung-und-die-vvg-reform/	Business
http://www.golyr.de/sts/album-sts-band-live-45103.html	FineArts
http://www.opensuse-forum.de/wechsel-zu-lxde-von-minimaler-grafischen-oberfl%C3%A4che-x-window-desktop-arbeitsumgebungen/allgemeines-f17/t2381-f45/	LifeAndLeisure
http://www.light-bikes.de/forum/archive/index.php/t-4893.html	LifeAndLeisure
http://www.spd-emst.de/aktuelles_hgw_zeitungsartikel_print_38.htm	Business
http://p2p.p2.ohost.de/artikel/anonymes_filesharing_mit_ants_p2p_und_mute.htm	Law
http://newsarchiv.imrecklinghausennet.de/2008/09/11/internationale-fototage-bestehen-zehn-jahre/	FineArts
http://www.hans-brakhage.de/Alayna-Belgarath/datums-service.html	Business
http://www.ijon.de/mathe/julia/node7.html	Science
http://www.villages-and-cities.de/forum-archive/archive/t-396.html	LifeAndLeisure
http://www.veganblog.de/2011/03/03/bikinifigur-rettet-leben/	LifeAndLeisure
http://www.waffenhq.de/impressum/impressum.html	Law
http://www.happyfurry.de/archive/index.php/t-668.html	LifeAndLeisure
http://www.happyfurry.de/archive/index.php/t-744.html	LifeAndLeisure
http://www.trendsderzukunft.de/solar-bausatz-die-gruene-geschenk-alternative/2010/09/30/	LifeAndLeisure
http://www.newhome.de/544391/	Business
http://www.last-unicorn-gilde.de/story_rwc07.htm	LifeAndLeisure
http://games4mac.de/content_g4m/reviews/die_reise_nach_nordland.php	LifeAndLeisure
http://www.belantisfans.de/board5-der-park/board20-sonstiges/682-der-allgemeine-plauderthread/index21.html	LifeAndLeisure
http://www.dsc4ever.de/archive/12968/thread.html	LifeAndLeisure
http://harte-zeit.de/2010/12/05/nato-auch-fur-atomare-erstschlage/	PoliticsSociety
http://bbi.unser-forum.de/PresseBUND/2005/bund_2005_06_14.htm	PoliticsSociety
http://www.mh-stuttgart.de/studium/rund-um-die-bewerbung/bewerbungsfristen-u-unterlagen/	PublicLifeAndInfrastructure
http://server02.is.uni-sb.de/gulden/lh/guldld22.html	LifeAndLeisure
http://home.claranet.de/zuckerman/zins/1929.html	Business
http://www.freace.de/artikel/aug2003/un310803.html	PoliticsSociety
http://www.pagodentreff.de/diskussionsforum/archive/index.php/t-9467.html	LifeAndLeisure
http://www.urania.de/programm/2011/g133/	PoliticsSociety
http://www.eso.cidsnet.de/startsa.htm	PublicLifeAndInfrastructure
http://www.aktion-deutschland-hilft.de/de/hilfseinsaetze/erdbeben-chile/halbjahresbilanz-malteser-international/	PoliticsSociety
http://www.eso.cidsnet.de/camp06.htm	PublicLifeAndInfrastructure
http://www.freedomsci.de/challenge/Jims_Cafe.htm	Business
http://www.schwaebisch-sibirien.de/html/saison.html	LifeAndLeisure
http://www.deutsches-filmhaus.de/filme_einzeln/f_einzeln/fassbinder/fassbinder_f-g/faustrecht_der_freiheit.htm	FineArts
http://www.tierheim-plauen.de/danke1.htm	LifeAndLeisure
http://www.uhren-schmuck-suche.de/marken/Rolex_Luxusuhren.htm	Business
http://kirchenkreis-harlingerland.de/kirchen-und-kapellengemeinden/esens.html	Beliefs
http://www.fasena.de/archiv/keilson.htm	FineArts
http://www.radiomuseum-bocket.de/mybb/archive/index.php/thread-5085.html	FineArts
http://www.gruene-dueren.de/ov/705/index.html	LifeAndLeisure
http://mfk-schwalenberg.npage.de/dezember_9533517.html	Beliefs
http://www.hameln.de/stadtportal/rathaus/buergeramt/zeugnis.htm	Law
http://www.irlandinit-hd.de/sub_archiv_de/de1.htm	PoliticsSociety
http://www.zenithonline.de/deutsch/reise//artikel/auf-dokumentenjagd-in-damaskus-001316/	LifeAndLeisure
http://ioco.de/blog/2011/03/17/kaiserslautern-pfalztheater-benefizgala-der-freunde-des-pfalztheaters/	Business
http://www.muehltal-odenwald.de/geografi/geologie.htm	LifeAndLeisure
http://www.rubstudent.de/RS6/Forum/archive/index.php/t-5807.html	LifeAndLeisure
http://www.erato.fh-erfurt.de/so/homepages/wagner/Zuindex/Lehre/Politik/1bapolbedsozarb01gr1internet.htm	PoliticsSociety
http://www.unternehmen-region.de/de/533.php	PublicLifeAndInfrastructure
http://klarmann.blogsport.de/2009/12/27/rechts-erneut-angriff-durch-neonazis-auf-wohngemeinschaft/	PoliticsSociety
http://www.bfcdynamo.de/spielbericht_neustrelitz_151108.html	LifeAndLeisure
http://jpgames-forum.de/allgemeine-foren/anime-manga/5336-manga-fairy-tail/	FineArts
http://www.physik.uni-osnabrueck.de/resonanz/resgloss.htm	Science
http://gothic.gamaxx.de/de/images/	FineArts
http://www.chemieunterricht.de/dc2/kampfst/explosiv.htm	Science
http://www.chemieunterricht.de/dc2/tip/03_07.htm	PublicLifeAndInfrastructure
http://www.thaiminator.de/Bangkok-sights-buddha.htm	LifeAndLeisure
http://www.juralit.de/transpatent.htm	Law
http://www.lion-king-safaris.de/html/body_serengeti_exklusiv.html	LifeAndLeisure
http://www.der-pflegeblogger.de/page/22/	LifeAndLeisure
http://www.berlinkriminell.de/2_2011/gericht_akt365.htm	Law
http://www.alfa-suche.de/web/Freizeit/Reisen-45-4.htm	LifeAndLeisure
http://www.bartagamen-infos.de/bartagamen-forum/boa-allg-schlangenhalter-t5236.html	LifeAndLeisure
http://www.uni-osnabrueck.de/barrierefrei/2082.html	PublicLifeAndInfrastructure
http://www.mariengymnasium-jever.de/faecher/freizeit09/freizeit1.php	LifeAndLeisure
http://www.ev-kirche-hildesheim-sarstedt.de/gesch-15.html	Beliefs
http://www.frau-waldspecht-sagt.de/kommentare/klappe-halten-....2046/	LifeAndLeisure
http://archiv.randzone-online.de/art/art061125.htm	PoliticsSociety
http://www.creativeconsult.de/pr-text-artikel/pressemitteilung-beispiele.html	LifeAndLeisure
http://www.celica-community.de/archive/index.php/t-5800.html	LifeAndLeisure
http://www.sawadee.de/hotel/634124/	LifeAndLeisure
http://www.spicky.de/bildung-und-karriere/2566/weiterbildung-fernstudium/	PublicLifeAndInfrastructure
http://www.matthias-haenel.de/agbuch/seite4.html	LifeAndLeisure
http://www.thaizeit.de/thailand-themen/news-detail/artikel/asiens-groesstes-antiquitaeten-kaufhaus.html	Business
http://www.filmz.de/film_2003/sie_haben_knut/kommentare/o.htm	FineArts
http://www.stursulabruehl.de/abirede5.htm	Beliefs
http://www.cofman.de/attraktionen/Louisiana.htm	FineArts
http://www.apfelquak.de/2008/06/10/linkinus-die-wuerfel-sind-gefallen/	LifeAndLeisure
http://www.cwc-hsk.de/index.php/pressemitteilungen.html	Law
http://www.simcityplaza.de/simcity4-mainmenu-26-topmenu/tippsatricks-mainmenu-85/tutorials-mainmenu-61/72-bat-tutorial2-grundlagen.html	LifeAndLeisure
http://kath-kirche-grossammensleben.de/Kirche/ausstattung.htm	Beliefs
http://www.ra-kassing.de/haustuer/wannicht.htm	Law
http://www.miniatur-wunderland.de/anlage/wochenberichte/jahr-1/artikel/wochenbericht-nr-1-kw-44//komment/1/	FineArts
http://www.wakeboard-community.de/lofiversion/index.php?t1005.html	LifeAndLeisure
http://quo-vadis-nak.foren-city.de/topic,2823,-m-kochs-ratschlaege-fuer-joachim.html	Beliefs
http://www.ftsmedia.de/produktionen/00048/vorschau--ich-moechte-dass-die-uhren-stehen-bleiben-wenn-ich-singe.php	FineArts
http://www.strandgut.de/2010/H1008/inhalt/lilk_001.htm	FineArts
http://www.gastgewerbe-fachliteratur.de/2003/12/rezension-willst-du-die-totale-pleite.html	Business
http://www.hoeflichepaparazzi.de/forum/archive/index.php/t-10587.html	FineArts
http://www.umtsdatentarife.de/handy/zeitung.html	Business
http://www.entmontage.de/galerie14.htm	LifeAndLeisure
http://www.annalise-wagner-stiftung.de/htm/preis/preist17dank.htm	Business
http://www.pierre-markuse.de/2008/11/25/der-deutsche-journalisten-verband-djv-und-leserreporter/	Business
http://www.deutscheakademie.de/druckversionen/buechner_1995.html	FineArts
http://www.coding-board.de/board/archive/index.php/t-22615.html	Technology
http://sto.buffed.de/board/archive/index.php/t-7376.html	FineArts
http://pmr-funkgeraete.de/forum/archive/index.php/t-2989.html	LifeAndLeisure
http://www.ge-li.de/breitscheid/gemeindefinanzen-1769-1.htm	Business
http://www.boxernothilfe.de/bilder/bnh_wandern_rhoen_2004/bnh_rhoen_2004_1.html	LifeAndLeisure
http://www.golfianer.de/forum/ausruestung/3209-welchen-eisensatz-nach-fitting-3.html	LifeAndLeisure
http://www.klaffs-und-sander.de/berufsschule.htm	Business
http://www.reiseinfo-tuerkei.de/Urlaub2002/Teil3.htm	History
http://www.meerschweinchen-ratgeber.de/forum/tierhandlung-3-ausnahmen-t24789.html	LifeAndLeisure
http://www.wald-in-not.de/seiten/presse/euskirchen1.html	LifeAndLeisure
http://www.dassexblog.de/tag/eifersucht/page/2/	LifeAndLeisure
http://forum.metal-hammer.de/archive/index.php/t-22750-p-32.html	LifeAndLeisure
http://forum.gute-fahrt.de/archive/index.php/t-9255.html	Business
http://forum.garten-pur.de/Naturfotografie-39/August-Bilder-2011-42109_0A.htm	FineArts
http://www.arbeitslosennetz.de/forum/archive/index.php/t-156721.html	Business
http://www.sps-forum.de/archive/index.php/t-3438.html	LifeAndLeisure
http://www.recht-in.de/urteil/fortsetzung_der_rechtsprechung_der_5_kammer_des_thueringer_landesarbeitsgerichts_im_urteil_vom_13_08_1996_lage_1_kschg_nr_39_5_sa_153_98_lag_urteil_143747.html	Law
http://www.antispam-ev.de/forum/archive/index.php/t-20771.html	Business
http://www.mbi-mh.de/bis2009/MBI-Arbeit/Presse/Gutachteritis/Ruhrverqueria/ruhrverqueria.html	Business
http://www.uni-giessen.de/hrz/service/veroeff/login951/adios.html	PublicLifeAndInfrastructure
http://www.studentshelp.de/p/referate/02/4505.htm	FineArts
http://www.rosalux.de/publication/25510/rosalux-12007.html	Business
http://www.kostenlose-urteile.de/VGH-Baden-Wuerttemberg_9-S-105611_Beleidigung-einer-Mitschuelerin-ueber-das-Internet-Schulausschluss-kann-im-Einzelfall-unverhaeltnismaessig-sein.news12072.htm	Law
http://www.wohnmobilforum.de/w-t38782.html	Business
http://edoc.hu-berlin.de/dissertationen/bischoff-ursula-2000-12-05/HTML/bischoff-ch2.html	History
http://www.teltarif.de/arch/2003/kw05/s9753.html	Business
http://www.ovb-online.de/lokales/rosenheim/landkreis/rechtsanwaelte-ermitteln-selbst-1446110.html	PoliticsSociety
http://www.pflanzenversand-gaissmayer.de/article_detail,Achillea-filipendulina-%2527Coronation-Gold%2527---Schafgarbe,b58c9bd40d5ee05c8e35956625053efe,158ffe994329360ba53f4611f45c5f4e,de.html	LifeAndLeisure
http://www.naviboard.de/vb/archive/index.php/t-18319.html	LifeAndLeisure
http://forum.gute-fahrt.de/archive/index.php/t-4607.html	LifeAndLeisure
http://www.tierforum.de/t139074-bitte-helft-mir-wurde-sie-gedeckt.html	LifeAndLeisure
http://www.regensburg-digital.de/regelmasige-prasenz-der-gewalt-im-alltag/30032010/	Beliefs
http://www.consolewars.de/messageboard/archive/index.php/t-70865.html	LifeAndLeisure
http://library.fes.de/fulltext/stabsabteilung/00401006.htm	Business
http://www.uni-wuerzburg.de/en/fuer/students/pruefungsangelegenheiten/pruefungsamt/diplomprfungen/bwl_vwl/	PublicLifeAndInfrastructure
http://www.dradio.de/dlf/sendungen/buechermarkt/832206/	FineArts
http://www.blacklandy.de/blboard/forum/archive/index.php/t-2420.html	LifeAndLeisure
http://www.gamona.de/kino-dvd/landwirtschafts-simulator-2009,uwe-boll-verfilmt-den-landwirtschafts-simulator:news,1451839.html	FineArts
http://www.dvdboard.de/forum/archive/index.php/t-91684.html	LifeAndLeisure
http://www.tripadvisor.de/Hotel_Review-g303662-d1896917-Reviews-Princess_Garden_Hotel-Nyaungshwe.html	Business
http://www.schnullerfamilie.de/erfahrungsaustausch/132046-geburtstags-gaeste-aussuchen-4-print.html	Law
http://www.rclineforum.de/forum/board19-fl-chenflugmodelle/nurfl-gler/322784-mini-sichel-aus-der-foamie-06/	LifeAndLeisure
http://www.spiegel.de/spiegel/print/d-9247604.html	Business
http://www.umwelt-online.de/recht/eu/00_04/04_35b.htm	Law
http://www.hilferuf.de/forum/gewalt/73291-haeusliche-gewalt-ich-kann-nicht-mehr-drucken.html	Law
http://www.spielerboard.de/final-fantasy/309334-symphonic-fantasies-5.html	FineArts
http://www.flugzeugforum.de/forum/archive/index.php/t-11772.html	LifeAndLeisure
http://www.ais-online.de/energy-tor-von-alpha-deuren-bietet-optimale-isolierung-26969/neuheit.html	Technology
http://www.ag-friedensforschung.de/themen/Wehrpflicht-Zivildienst/total.html	History
http://bfriends.brigitte.de/foren/pavillon/62350-mahlzeit-des-grauens.html	LifeAndLeisure
http://www.seniorentreff.de/diskussion/archiv6/a686.html	FineArts
http://www.comicforum.de/archive/index.php/t-20042.html	FineArts
http://www.lovehelp.de/mein-lehrer-und-ich-t4330.html	Business
http://www.lokalkompass.de/muelheim/themen/kunstausstellung.html	FineArts
http://www.bombentrichter.de/archive/index.php/t-10303.html	LifeAndLeisure
http://www.simforum.de/archive/index.php/t-81968.html	LifeAndLeisure
http://www.hier-luebeck.de/2011/01/page/6/	Business
http://www.simforum.de/archive/index.php/t-87737.html	LifeAndLeisure
http://www.paperboy.de/kifftipps-591.html	LifeAndLeisure
http://forum.gute-fahrt.de/archive/index.php/t-6159.html	LifeAndLeisure
http://www.db-forum.de/forum/pressemeldungen/25067-autosalon-mercedes-will-usa-keine-kleinwagen-verkaufen.html	Business
http://www.forum-speditionen.de/schulden-von-subunternehmern-7527.html	Business
http://www.steuerlinks.de/finanzamt-saarbruecken-am-stadtgraben.html	Business
http://www.dertour.de/hotel/ungarn/nordwesten/	LifeAndLeisure
http://www.frag-mutti.de/tipp/p/show/category_id/3/article_id/20017/Kleine-Mengen-Kochwaesche-waschen.html	LifeAndLeisure
http://www.emagister.de/wirtschaftsingenieurwesen_facility_management_fern-ec180139622.htm	Business
http://suche.administrator.de/forum/Wlan%2C-M%C3%B6glichkeiten-zur-Abrechnung-und-Useradministration-155213.html	LifeAndLeisure
http://www.lastminute.de/hotel/86214-Hotel-Savigny-Berlin.html	LifeAndLeisure
http://tierwelt.digiwurm.de/uberleben-zecken-einen-waschgang-in-der-wama/	LifeAndLeisure
http://www.cga-verlag.de/archiv.php?name=archiv_2010_05.php	FineArts
http://www.music-and-life.de/p60979-amoral.html	FineArts
http://blog.essen-und-trinken.de/2009/01/20/warmt-von-innen-linsensuppe/	LifeAndLeisure
http://www.myheimat.de/rust/freizeit/mit-gisela-im-elsass-auf-der-weinstrasse-von-heiligenstein-bis-colmar-d87014.html	History
http://www.r129-forum.de/archive/index.php/t-5552.html	LifeAndLeisure
http://www.muelheim-ruhr.de/cms/karte_der_entdeckertouren_zu_den_muelheimer_bodenschaetzen_fertiggestellt.html	LifeAndLeisure
http://www.vaeter-aktuell.de/gesellschaft/Gesellschaft-2006/20060608_HR.htm	FineArts
http://www.5secrule.de/2010/07/totes-kapital/	LifeAndLeisure
http://www.deutschland-angeln.de/archive/index.php?t-6611.html	LifeAndLeisure
http://www.giessener-zeitung.de/giessen/beitrag/54675/grosser-bahnhof-fuer-eine-praechtige-alte-dame-siegerland-piloten-feiern-70-geburtstag-von-tante-emmi-mit-einem-zweitaegigen-flugplatzfest/	History
http://www.psychologieforum.de/bin-zu-faul-oder-zu-sehr-von-mir-selbst-ueberzeugt-11622.html	LifeAndLeisure
http://www.sehepunkte.de/2009/09/15808.html	History
http://digitalvideoschnitt.de/forum/video-zubeha-r/47946-wozu-graufilter-nd-filter-und-welche-3.html	FineArts
http://www.ifa-arbeitsmappedigital.de/page/3/q/Bestimmung/truncation/0/suche.html	Science
http://www.sehepunkte.de/2003/12/3796.html	History
http://www.flf-book.de/Benutzer/Abendgymnasium.htm	LifeAndLeisure
http://board.wrestlinggames.de/archive/index.php/t-18912.html	LifeAndLeisure
http://www.japanisch-netzwerk.de/archive/index.php?thread-1418.html	LifeAndLeisure
http://kirchensite.de/aktuelles/dossiers/dossier-ansicht/datum/2011/09/24/papst-lobt-glaubenstreue-zu-ddr-zeiten/	Beliefs
http://www.rennmaus.de/forum/community/communitytalk/121082-die-sendung-mit-der-maus-d/	FineArts
http://www.fv-rheinland.de/html/Aktuelles/archiv_1/nid_3857/cs_176.html	LifeAndLeisure
http://www.emuenzen.de/forum/muenzen-and-geschichte/64310-15-minuten-kampf-im-wasser.html	History
http://www.meintomtom.de/forum/lofiversion/index.php/t18078-250.html	LifeAndLeisure
http://www.rokop-security.de/lofiversion/index.php/t14033.html	LifeAndLeisure
http://digitalvideoschnitt.de/forum/corel-ulead-software/60618-ein-paar-fragen-zu-videostudio-x4.html	FineArts
http://www.mehrow.de///Archiv/Gemeinderat_03/Gemeinderat_030109.htm	Business
http://www.fussball-sr.de/archive/index.php/t-12258.html	LifeAndLeisure
http://www.all-about-security.de/security-artikel/netzwerk-sicherheit/nac-network-access-control/artikel/4207-procurve-8212zl-switch-hoechstleistung-fuer-den-netzwerkkern/	Technology
http://www.amerika-forum.de/3-5-wochen-wetterextreme-und-ne-menge-action-97724-3.html	LifeAndLeisure
http://www.meintomtom.de/forum/lofiversion/index.php/t38557.html	LifeAndLeisure
http://www.basicthinking.de/blog/2011/04/26/gastrolle-zu-gewinnen-interaktives-vorstellungsgespraech-mit-bernd-stromberg/	FineArts
http://board.wrestlinggames.de/archive/index.php/t-4544.html	LifeAndLeisure
http://www.vaybee.de/deutsch/channel/musik/sila-sahin-wegen-nacktbilder-beschimpft-101079.php	FineArts
http://www.capital.de/finanzen/fonds/:Geldgeber-fuer-Reedereien--Finanzinvestoren-entern-Schifffahrtsbranche/100036558.html	Business
http://www.pc-experience.de/wbb2/archive/30491/3/thread.html	LifeAndLeisure
http://www.gartentechnik.de/News/2005/05/24/luft_zum_atmen_braucht_platz_zum_wachsen/	LifeAndLeisure
http://www.whq-forum.de/invisionboard/lofiversion/index.php?t1799.html	PoliticsSociety
http://www.computerhilfen.de/hilfen-4-85055-0.html	LifeAndLeisure
http://www.juriges.de/archiv/mitgliederversammlung.htm	Law
http://soldatenglueck.de/2011/07/08/60689/verteidigungsminister-de-maiziere-im-burgerdialog-bei-gegenseitigem-freundlichen-interesse-seine-10-antworten-videos/	PoliticsSociety
http://www.capital.de/finanzen/banken-zinsen/:Beteilung-privater-Glaeubiger--Berlin-will-Anleiheanleger-beruhigen/100034247.html	Business
http://www.investor-verlag.de/wo-sind-die-realen-kapitalisten-geblieben/105900867/	Business
http://www.ikz.de/1996-2005/2000/18/0018112.php	Business
http://www.wege-zum-pferd.de/forum/archive/index.php?t-1180.html	LifeAndLeisure
http://www.adipositas-portal.de/archive/37666/2/thread.html	Business
http://www.gew.de/GEW-Initiative_Bildung_statt_Kinderarbeit.html	PoliticsSociety
http://film.toppshopp.de/SportingGoods.246923011/1.hockeyschlaeger.de.html	LifeAndLeisure
http://www.physiologus.de/mundgeruch.htm	LifeAndLeisure
http://www.leserberichte.de/themen/haustuer.htm	Business
http://forum.musikexpress.de/archive/index.php/t-12215.html	FineArts
http://www.forum.orchideen-forum.de/archive/index.php/t-24083.html	LifeAndLeisure
http://www.mathematik.uni-marburg.de/~hesse/film/gruppe3/Kontext.html	Business
http://www.aeksh.de/shae_alt/2001/200104/h014015a.htm	Medical
http://www.weinhalle.de/larmandier-bernier.html	Business
http://www.ffsf.de/archive/index.php/t-4.html	LifeAndLeisure
http://www.moviejones.de/kritiken/kritik-tucker-dale-vs-evil_1412.html	FineArts
http://www.citforum.de/archive/index.php/t-64516.html	Technology
http://www.freezers-fanforum.de//archive/index.php/t-1116.html	LifeAndLeisure
http://www.dhbw-community.de/archive/index.php/t-1537.html	Business
http://www.sonyuserforum.de/forum/archive/index.php/t-30067.html	FineArts
http://www.schachfeld.de/f181/20-0-diskussionen-1663/index2.html	LifeAndLeisure
http://www.academics.de/blog/index.php/aktuelle-themen/entwicklungshilfe/print/	PoliticsSociety
http://forum.isuv.de/archive/56279/thread.html	Business
http://www.st1100.de/archive/index.php/t-7098.html	LifeAndLeisure
http://krasses-auto.de/news/neuvorstellungen/2007-05-neuvorstellungen.php	Business
http://www.hrm.de/hrm/hr_pedia/interkulturelles_management_ger.html	Business
http://www.krefeldercomputerclub.de/computer/newsletter/symantec_hilfe_gegen.htm	Business
http://www.cbf-1000.de/VBForum/archive/index.php/t-243.html	LifeAndLeisure
http://www.parapsychologie.de/geister-13658.html	Beliefs
http://www.suchtmittel.de/info/computersucht/002469.php	LifeAndLeisure
http://www.arag.de/rund-ums-recht/rechtstipps-und-urteile/job-und-finanzen/02364/	Business
http://www.blinde-kuh.de/geschichten/halloween.html	LifeAndLeisure
http://www.sto-center.de/forum/archive/index.php/t-5786.html	LifeAndLeisure
http://blogs.deine-tierwelt.de/seospiderman1Blog1/94298/	Technology
http://www.akweb.de///ak_s/ak473/24.htm	FineArts
http://www.pc-max.de/forum/haendler-erfahrungsberichte/25362-http-www-pc-icebox-de-2.html	Business
http://www.landtag.ltsh.de/plenumonline/januar2007/texte/08_35_bleiberecht.htm	PoliticsSociety
http://www.herp-science.de/ag/agamen/Haltung_Zucht/DGHT-AG_Agamen_Haltung_und_Zucht_Physignathus-cocincinus%20.html	LifeAndLeisure
http://www.kredit1a.de/pressemitteilung/artikel_Deutscher+Riesling+Erzeugerpreis+2011_24464.html	Business
http://www.links-lang.de/presse/8956.php	PoliticsSociety
http://www.hockeyweb.de/turniere/deutschland-cup/nachrichten/artikel/news/paffi-bietet-einmalige-aktion-zum-deutschlandcup/	Business
http://www.links-lang.de/presse/8871.php	History
http://www.alemannia-brett.de/forums/archive/index.php/t-5901.html	LifeAndLeisure
http://www.lothar-bross.de/HB/Abschnitte/der_mich_lange_zeit_aus_seinem_h.htm	Beliefs
http://www.datenschutz-praxis.de/lexikon/c/channel_bundling.html	Technology
http://www.transparency.de/Corruption_Perception_Index_20.540.98.html	PoliticsSociety
http://www.fair-hotels.de/Reisef%FChrer/Bundesland_%28Deutschland%29/Baden%2DW%FCrttemberg/Landkreis_in_Baden%2DW%FCrttemberg/Bodenseekreis/Hagnau_am_Bodensee.html	History
http://www.easyfinanz24.de/print/news/bauen-und-wohnen/baufinanzierung/immobilie-weiterhin-stabile-wertanlage-31.html	Business
http://umwelt-online.de/recht/eu/05_09/07_0162e.htm	Law
http://www.familie.de/kind/artikel/kinder-medienkonsum/richtige-mischung-aus-computer-und-bewegung/	LifeAndLeisure
http://www.rezensenten.de/content/view/4299/27/	FineArts
http://www.nymphensittichwelt.de/vbulletin/archive/index.php/t-10045.html	LifeAndLeisure
http://newsolutions.de/it/ein-blick-auf-alternativen-in-der-anwendungsentwicklung/	Business
http://www.aaleninfo.de/juni10/15/nachbarschaft.htm	PoliticsSociety
http://www.forum-grenzfragen.de/printable/foren/rsng-1/kongress2005/konferenz-zu-deutschlandweitem-netzwerk.html	Beliefs
http://www.rc-modellbau-schiffe.de/wbb2/thread_21934_Gewissensfrage.html	FineArts
http://www.ps3inside.de/forum/beatem-up/18242-naruto-shippuuden-ultimate-ninja-storm-2-diskussion.html	LifeAndLeisure
http://www.campus-web.de/2/2788/7276/	PoliticsSociety
http://www.seo-united.de/blog/google/google-tv-im-test.htm	Business
http://www.durchblick-filme.de/uebergeschnappt/AB01_Beziehungen.htm	FineArts
http://www.rc-car-driver.de/archive/index.php/t-1535.html	LifeAndLeisure
http://www.forum-alkoholiker.de/ftopic18702.html	LifeAndLeisure
http://www.unser-luebeck.de/content/view/29/114/	History
http://www1.wdr.de/themen/archiv/stichtag/stichtag5078.html	Business
http://www.sb-innovation.de/archive/t-8319.html	Business
http://www.kakteenforum.de/archive/index.php/t-12252.html	Business
http://www.appgefahren.de/fur-iphone-ipad-demolition-dash-im-angebot-24673.html	LifeAndLeisure
http://www.pluriel.de/Hallo---ich-bin-neu-hier-%3B-%29_3053.html	Business
http://www.voltiforum.de/archive/index.php/t-21488.html	LifeAndLeisure
http://www.trac-technik.de/Forum/archive/index.php/thread-13481.html	LifeAndLeisure
http://swg.gamona.de/forum/archive/index.php?t-12134.html	LifeAndLeisure
http://www.kakteenforum.de/archive/index.php/t-779.html	LifeAndLeisure
http://www.mi-fo.de/forum/lofiversion/index.php/t5705.html	LifeAndLeisure
http://www.ingrids-welt.de/reise/aus/htm/syferry.htm	LifeAndLeisure
http://www.diabolotreff.de/forum/archive/index.php/thread-1658-2.html	LifeAndLeisure
http://kassel-zeitung.de/cms1/index.php?/archives/6522-Wer-darf-was.html	Law
http://blog.greenpeace.de/blog/tag/palmol/page/18/	LifeAndLeisure
http://www.beltz.de/de/weiterbildung/beltz-weiterbildung/train-the-trainer/titel/100-tipps-tricks-fuer-pinnwand-und-flipchart.html	Business
http://www.goldmann.de/blog/page/21/	FineArts
http://forum.wetteronline.de/archive/index.php/t-5650.html	LifeAndLeisure
http://www.tripsbytips.de/reisefuehrer-artikel/weihnachtsmarkt-halle-saale-finnland-fisch-und-halloren/10388337.html	LifeAndLeisure
http://www.games-power-world.de/main/news,id199,oxygen_games_kuendigt_pdc_world_championship_darts.html	LifeAndLeisure
http://www.pottblog.de/2006/03/26/kuechenberatung-erstes-licht/	Business
http://forum.miniatur-wunderland.de/vorbild-fotos-f36/viele-bilder-aus-berlin-und-muenchen-t21204.html	LifeAndLeisure
http://www.lfu.bayern.de/drucken/index.htm?www.lfu.bayern.de/geologie/massenbewegungen/gefahrenhinweiskarten/oberallgaeu/index.htm	PoliticsSociety
http://www.das-grosse-schwedenforum.de/auswandern-braucht-man-noch-einen-perso-t18050-20.html	Law
http://www.dl0bn.de/archiv/2001/y0501.htm	LifeAndLeisure
http://www.owz-online.de/owz/2521208-421-neues_aus_meinem_familienleben,1,0.html	LifeAndLeisure
http://download.softliste.de/image-explorer.html	LifeAndLeisure
http://www.dl0bn.de/archiv/1980/drs1280.htm	History
http://www.pr-journal.de/fragen-und-meinungen/pfeffer-a-salz-a-senf-kolumne/8556-keine-haeuptlinge-nicht-einmal-junge-wilde.html	Business
http://www.erozuna.de/printable/erotischeliteratur/erotischegeschichten/winterglut.php	LifeAndLeisure
http://www.sonntagsblatt-bayern.de/archiv01/30/woche8.htm	Beliefs
http://forum.svz-styles.de/vz-tools/w%C3%BCnsche/937-diskussion-zum-kurzurlaub-wir-sind-nicht-das-vz/index38.html	Business
http://www.blog-fitness.de/page/56/	LifeAndLeisure
http://www.duisburg.de/micro/eg-du/stadtteile/102010100000177265.php	PoliticsSociety
http://www.gt-eins.de/Berichte2002/bfglmnr/bfglm3.html	LifeAndLeisure
http://www.tokiohotel-forum.de/ich-verkaufe-das-Starportrait-bei-ebay-t12511.html	FineArts
http://www.inlarp.de/larp-forum/inlarp-forentreffen-2011---gebrabbel-und-sonstiges-t4471-s15.html	FineArts
http://www.inlarp.de/larp-forum/2406---26062011-auf-verschlungenen-pfaden-ii---verdorben-t4942.html	LifeAndLeisure
http://www.fernsehlexikon.de/495/melrose-place/	FineArts
http://www.bmw-drivers.de/forum-82/x3-3-0d-f25-die-ersten-2-monate-t-50611.html	LifeAndLeisure
http://www.go-jobware.de/blog/2009/page/27/	Business
http://xhtmlforum.de/41389-css-datei-wird-im-ie6-nicht.html	LifeAndLeisure
http://www.sr-nexus.de/bb/charaktergenerator-t860-105.html	LifeAndLeisure
http://www.skitalk-24.de/neuigkeiten-in-skigebieten-f6/neues-und-zukuenftiges-in-der-skiwelt-wilder-kaise-t288-s100.html	Business
http://www.qm-magazin.de/allgemein/seit-30-jahren-erster-mann-am-steuer-mercedes-benz-autohaus-inhaber-michael-pickel/	Business
http://www.2jesus.de/bibel-forum/valide-sch%c3%b6pfungstheorie-t5642-100.html	Beliefs
http://www.sr-nexus.de/bb/programme-optionen-passende-kombinationen-t6879.html	LifeAndLeisure
http://www.scienzz.de/ticker/art9299.html	History
http://www.medienprofile.de/review/review/570006/	FineArts
http://www.jacotec.de/forum/archive/index.php/t-4301.html	LifeAndLeisure
http://www.light-bikes.de/forum/archive/index.php/t-11428.html	LifeAndLeisure
http://entwickler-forum.de/archive/index.php/t-56982.html	LifeAndLeisure
http://www.bsv-delrath.de/printable/geschichte/geschichte-11/sappeure.html	History
http://www.pferdesportzeitung.de/sport/fahren/3084-can-laehden-carola-diener-gewinnt-erste-wm-sichtung-der-zweispaenner.html	LifeAndLeisure
http://off-the-record.de/2011/03/28/tierisches-vom-plagiartdirektor-braunbaer-folgt-eisbaer/	Business
http://fussball.tus-niederjosbach.de/	LifeAndLeisure
http://www.x3-treff.de/archive/index.php/t-319.html	LifeAndLeisure
http://www.fussball-pur.de/forum/archive/4452/thread.html	LifeAndLeisure
http://www.theaterkompass.de/news-einzelansicht+M5c6ecf5dd65.html	FineArts
http://www.epilog.de/texte/martin-george-r-r-1948/brot-und-fische/08.htm	LifeAndLeisure
http://www.staff.uni-oldenburg.de/wiland.schmale/Modul_Goemetrie_WiSe_2009_2010/Was_ist_Geometrie.html	Science
http://galerienvirtuell.de/kunst-report-Schweizer-Online-Kunstgalerie-foerdert-Nachwuchs,76.html	FineArts
http://www.scooter-point.de/archive/index.php/t-7583.html	LifeAndLeisure
http://www.traininar.de/at/Selbstbewusstsein-staerken/Selbstbewusstsein-staerken-Kaernten-Arriach.php	Business
http://www.werkself.de/board3-bayer-04-leverkusen/board5-fanszene-leverkusen-stimmung-und-support/21933-dauer-abo-thread/index159.html	Business
http://forum.eishockey-leipzig.de/lofiversion/index.php/t11-0.html	LifeAndLeisure
http://www.88finanz.de/liegecomfort-ist-safe-321813.html	Business
http://community.arcadeinfo.de/archive/index.php/t-5370.html	LifeAndLeisure
http://www.oesterreich-netz.de/at/salzburgerland/zell-am-see-pinzgau/hotels/30.html	LifeAndLeisure
http://www.pcgo.de/ratgeber/navigieren-mit-dem-smartphone-1207873,879.html	LifeAndLeisure
http://www.versaforum.de/forum/archive/index.php/t-5803.html	LifeAndLeisure
http://meine-spieltipps.de/similar/B0016MOJIU,B002OEBNGA,B000XROD2G,B003NVM92U,B000XRQ6IU.de.html	LifeAndLeisure
http://quo-vadis-nak.foren-city.de/topic,1134,130,-die-nak-und-die-endzeit-ohne-ende.html	Beliefs
http://www.ekibaschopfheim.de/presse/pr09/praktuell0909.htm	Beliefs
http://www.ihre-handy-tipps.de/similar/B00190SC00,B001RM9DTO,3939316342.de.html	LifeAndLeisure
http://www.leifiphysik.de/web_ph12/musteraufgaben/12astro/pegasus06/pegasus06_l.htm	Science
http://www.insidesupcom.de/archive/index.php?t-2934.html	LifeAndLeisure
http://www.antibuerokratieteam.de/2007/02/11/1395/	PoliticsSociety
http://www.toeging.de/stadtinfo/geschichte.htm	History
http://www.bund-naturschutz-nbg.de//mauersegler/01.00/ma04-gentechnik.html	PoliticsSociety
http://old.hannover.gay-web.de/huk/presse/BVerfGE%206,%20389%20-%20Homosexuelle.htm	Law
http://www.modernblog.de/nude-make-up-by-bobbi-brown/	LifeAndLeisure
http://www.bfarm.de/DE/Pharmakovigilanz/Verschreibungspflicht/Protokolle/63Sitzung/ergebnisprotokoll.html	Business
http://www.ferienwohnland.de/unterkunft_ferienhaus-wildgans-in-granzow-11025.html	LifeAndLeisure
http://www.saechsischer-schuetzenbund.de/sport/60_1463.htm	Law
http://torelynn.blog.de/tags/bibelvers+lektion/	Beliefs
http://www.arch.tu-dresden.de/iggd/va/r_varicht.htm	FineArts
http://www.dragracing.de/archive/index.php/t-5455.html	LifeAndLeisure
http://www.detail.de/rw_3_Jobs_De_JobserviceAbo.htm	Business
http://www.menschliche-entwicklung-staerken.de/647.html	PoliticsSociety
http://www.betriebsrat-aktuell.de/forum/messages/4048.html	Business
http://www.mein-bochum.de/u35-ohs26102011.htm	PoliticsSociety
http://www.plattform-leipzig.de/beitraege/20112104KorrpuptionUmMerkel.html	PoliticsSociety
http://www.finnet.de/privat_gewerbe/photovoltaik-versicherung.php	Business
http://forum.elfenwahn.de/archive/t-1121.html	LifeAndLeisure
http://www.torzumweb.de/baby-und-kind/montessori-lernmethodik.htm	History
http://www.heilmittel.de/htdocs/homoeopathie_methoden.htm	Beliefs
http://www.oks.de/oks/news/pressespiegel/Lebendig_lernen.php	LifeAndLeisure
http://www.audiva.de/anwender/kinder/grundlagen-fuer-eltern/lrs.html	LifeAndLeisure
http://www.neubritz.de/archiv/leben_4/sanierungsziele.htm	Law
http://www.beastieguides.de/devil-may-cry-4-komplettloesung/mission-11-der-neunte-zirkel/	LifeAndLeisure
http://www.emrath.de/sat_z.htm	FineArts
http://rafa.foren-city.de/topic,4222,3340,-der-kuenftig-lih-kuh-haltigste-brabbelthread-der-welt.html	Beliefs
http://liveticker.sport.de/fussball/1bundesliga/fc-schalke-04/1-fc-koeln/2011-08-13.html	LifeAndLeisure
http://www.gedichte-eiland.de/archive/index.php/t-2729.html	Beliefs
http://forum.elfenwahn.de/archive/t-894_p-2.html	History
http://sharepoint360.de/2011/09/09/gartner-marktuebersicht-sharepoint-2010-ist-fuehrend-bei-social-software-fuer-unternehmen/	Business
http://multimedia-smartphone.ebuxx.de/smartphone-multimedia/smartphone-sony-ericsson-xperia-play-computerwoche-tv.html	LifeAndLeisure
http://www.doebeln-entdecken.de/printable/doebeln/schulen.html	FineArts
http://www.securvita.de/private-krankenversicherung-securvita/warum-securvita.html	Business
http://www.shinyglurak.de/17470090nx30070/rpg-anmeldung-f220/pkmn-mittelalter-rpg-anmeldung-und-diskussion-t7251.html	LifeAndLeisure
http://romenu.over-blog.de/article-e-e-cummings-peter-nadas--37539748.html	FineArts
http://www.phmi.uni-mainz.de/4964.php	Individual
http://www.vfdnet.de/verband/bamberg/stammtisch/kolik.html	LifeAndLeisure
http://www.religio.de/dialog/198/12_20-21.htm	Beliefs
http://www.flash-zine.de/flash113/mx_035.htm	FineArts
http://webuser.fh-furtwangen.de/~vs-fg/hist/hund30/087-091.htm	History
http://www.shinyglurak.de/17470090nx30070/fanspiele-bereich-f239/pokemon-gefrierbrand--t6468.html	LifeAndLeisure
http://www.studienseminar-neuss.de/Sekundarstufe/Informationen/spstn.html	PublicLifeAndInfrastructure
http://www.kraussmartin.de/Artikel/leipzig.html	FineArts
http://www.sportjugend-hessen.de/Suchtpraevention.191.0.html	LifeAndLeisure
http://www.trisomie21.de/maikowski_podlesch.html	Medical
http://www.evpfalz.de/presse/index_12299.php	PoliticsSociety
http://www.berlet.de/wii-spiele/summer-athletics-2009-software-pyramide-l1gszjotwex.html	Business
http://www.nuku.de/archives/2011/11/09/mit-dem-luxus-nachtbus-von-cordoba-nach-mendoza.html	LifeAndLeisure
http://www.rhoenline.de/wandern_pferdskopf2.html	LifeAndLeisure
http://www.freunde-krankenhauswertingen.de/presse/ueber-das-krankenhaus/136-neuer-chefarzt-ist-dr-med-adrien-huemmer.html	Business
http://forum.transponder-news.de/archive/index.php/t-13107.html	History
http://www.dielyriker.de/archive/index.php/t-663.html	FineArts
http://www.bertelsmann-stiftung.de/cps/rde/xchg/SID-9C974F46-3A0F5372/bst/hs.xsl/nachrichten_99289.htm	PoliticsSociety
http://www.christ-online.de/content/view/244/124/	Beliefs
http://www.twilight-magazin.de/interviews/item/351-samiam.html	FineArts
http://www.gazette.de/Archiv2/Gazette7/Krusche.html	FineArts
http://www.integration-boell.de/web/integration/47_1495.asp	LifeAndLeisure
http://www.louisan.de/internet-forum-und-chat_350.html	LifeAndLeisure
http://www.joobs.de/1300/5/index-3.php	Business
http://www.fleischmann.de/unternehmen/museum.html	FineArts
http://flugmodellbau-kirch.de/Negativ-gepfeilte-Nurfl.ue.gel.htm	LifeAndLeisure
http://www.gerleos.de/html/9_januar_2007.html	Individual
http://www.wohnungsanwalt.de/Wohnungsanwalt/Mietvertrag/Gewerbemiete/Gewerbe%20Betriebskosten.html	Law
http://www.nuernberg.de/internet/menschenrechte/aktuell_30549.html	History
http://www.bncev.de/aktuell_09/mai09/20001_090507a.htm	LifeAndLeisure
http://www.trust-wi.de/wahre-begebenheiten/organisierte-lebens-un-kultur.html	LifeAndLeisure
http://www.trekkies-forum.de/archive/3429/thread.html	FineArts
http://www.bingo-ev.de/~kh3515/aquatext.html	LifeAndLeisure
http://www.feng-shui-forum.de/ftopic2175-15.html	Beliefs
http://www.schulhausmeisterforum.de/archive/index.php/t-1049.html	PublicLifeAndInfrastructure
http://www.wohnungsanwalt.de/Wohnungsanwalt/Miete/Mietsache/Gewaehrleistung/Gewaehrleistungsansprueche.html	Law
http://www.forum21-reinbek.de/news53.htm	PoliticsSociety
http://www.mv-schlagzeilen.de/863-000-eur-fuer-anbau-der-grundschule-villa-kunterbunt-in-anklam/23018/	Business
http://www.forum21-reinbek.de/news41.htm	PoliticsSociety
http://www.salus-institut.de/_siegmundfreudzentrum/frd1881.htm	Individual
http://forum.mikes-pchilfe.de/archive/index.php/t-7600.html	LifeAndLeisure
http://www.kath-kirche-rauenberg.de/peru/Peru2007/070805.html	Beliefs
http://www.raupyboard.de/archive/index.php/thread-16025.html	FineArts
http://www.zieglersche.de/zieglersche-aktuelles/aktuelles/zieglersche-bauen-grosskueche.html	Business
http://www.hohensolmser-freundeskreis.de/verein/jahrtreff2004.html	Beliefs
http://www.umwelt.nrw.de/ministerium/presse/presse_aktuell/presse110512.php	Law
http://www.qdsl-support.de/archive/index.php/t-11479.html	LifeAndLeisure
http://www.mutlu.de/presse/15894.html	PoliticsSociety
http://www.torwart.de/Duisburg-D-Yelldell.6000.0.html	LifeAndLeisure
http://www.bergstrasse.de/aktuelles/0201/28c.html	FineArts
http://www.qashqaiforum.de/f26/inspektionsliste-1669/	LifeAndLeisure
http://www.heimwerker.de/heimwerker/heimwerker-beratung/heimwerker-test/heimwerker-elektrowerkzeuge-test.html	Business
http://genswosenbolzer.de/turnier_08/teaminfo.htm	LifeAndLeisure
http://mobil.teltarif.de/mobilfunk-aufbau-netz-netzarchitektur/news/40493.html	Technology
http://www.ssd-128gb.de/corsair-128gb-ssd-festplatte-lesegeschwindigkeit-240mbps/	LifeAndLeisure
http://www.true-chat.de/archive/index.php/thread-3436.html	FineArts
http://www.hamburger-untergrundbahn.de/met-hh-os.htm	History
http://www.autogazette.de/fahrbericht/Mercedes/CLS%20350%20CDI%20BlueEfficiency/Mercedes-CLS--Schoen-und-sparsam-288435.html	LifeAndLeisure
http://www.handwerk-nrw.de/aus-und-weiterbildung/initiativen-des-whkt/zukunftswerkstatt-handwerk-nrw.html	Business
http://www.billige-fotos.de/blog/kompaktkamera-s6200-nikon-verspricht-erste-test-10010769/	LifeAndLeisure
http://bayernspd.de/news/guter-tag-fuer-die-kommunen-in-bayern/	Business
http://www.nak-info.de/denk/ethik01.htm	Beliefs
http://www.komfit.de/Archiv/KomFIT-Aktuell/KA2010_23.htm	Business
http://www.idgames.de/archive/index.php/t-2108.html	LifeAndLeisure
http://www.math.uni-sb.de/ag-lambert/AKMUI11/	PublicLifeAndInfrastructure
http://vauban.de/forum/thema-873.html	LifeAndLeisure
http://blog.trivago.de/2008/09/30/relaunch-trivago-bietet-als-erste-metasuche-eine-unscharfe-suche-fur-hotels/	LifeAndLeisure
http://www.kredit-4u.de/lexikon/onlinebanking.htm	Business
http://www.siegen-wittgenstein.de/standard/page.sys/201.htm	LifeAndLeisure
http://www.welt-der-wappen.de/Heraldik/Galerien/galerie175.htm	FineArts
http://www.joachim-runkel.de/html/body_pm20071128.html	PoliticsSociety
http://www.percomp.de/pages/produkte/content-security/mimesweeper.php	Technology
http://www.ascene.de/911-wtc-7-im-zeitloch/	Beliefs
http://www.steinmandl.de/Rofan.htm	LifeAndLeisure
http://xn--vfl-lningen-vfb.de/leichtathletik/leichtathletik-Dateien/teamsmain-Dateien/news/2011_02_21.htm	Law
http://www.ulrike-hoefken.de/cms/default/dok/228/228155.neue_todesfaelle_in_spanien_zeigen_bseri-print~1.html	Medical
http://www.buddhaweg.de/PraxisLehre/RYR/Fragen/Mushotoku.htm	Beliefs
http://www.siegen-wittgenstein.de/standard/page.sys/details/eintrag_id=3830/content_id=2398/821.htm	PublicLifeAndInfrastructure
http://www.duerr-coaching.de/coaching-muenchen.htm	Business
http://www.billige-fotos.de/fotoservice-plz/fotolabor-lengenfeld-0.html	Business
http://lebenstrips.bloggaworld.de/2009/02/er-verfolgt-sie-uber-den-tod-hinaus/	LifeAndLeisure
http://www.kotschenreuther-schreinerei.de/produkte/vordaecher.htm	Business
http://www.pr-gateway.de/pr/Der-grosse-Digitalkameratest-Blog-47468.html	Business
http://www.hackthenet.de/kategorie/JavaScript/	LifeAndLeisure
http://www.video-flash.de/index/amazon-cloudfront-streamingservice-flash-media-server/	LifeAndLeisure
http://blog.17vier.de/2010/03/15/die-grenze-des-guten-geschmacks/	FineArts
http://www.kimmerier.de/kap05132.htm	History
http://www.akg.softpoint.de/archiv/ak_info/2002_1_Feb.htm	PublicLifeAndInfrastructure
http://ulrichkuester.de/reisen/2005/USA/19/bericht.html	LifeAndLeisure
http://www.wir-gehen-auf-weltreise.de/9.html	LifeAndLeisure
http://www.fooma.de/index.php/2007/12/06/vorschau-16-spieltag/	LifeAndLeisure
http://www.fussball-buli.de/heimspiel-4/immer-nur-fussball-34/hsv-arg-vom-stuermerpech-verfolgt-17837.html	LifeAndLeisure
http://ostendfaxpost.redio.de/text/text11.html	Beliefs
http://han-nah.de/_archiv/hannah_band/	FineArts
http://www.tura-jugendschach.de/36.html	LifeAndLeisure
http://www.openimmobilien.de/pressemitteilung/bauen/3kqr57t-mit_den_richtigen_policen_absichern_und_den_bau-fortschritt_genau_beobachten.htm	Law
http://www.annebiwer.de/aktuelles.html	Beliefs
http://www.vdsh-ev.de/2006/10/20/test/	History
http://www.farmeramania.de/geruchte-um-das-rumanien-event/	LifeAndLeisure
http://www.rft-seite.de/wbb2/board45-sonstiges/board43-r%C3%B6hrenecke/2057-sachsenwerk-olympia-571-w-p-phono/	LifeAndLeisure
http://www.bund-niedersachsen.de/projekte_einrichtungen/einrichtungen/nationalparkhaeuser_und_besucherzentren/dorum_neufeld/ausstellung/	LifeAndLeisure
http://www.karriere-ing.de/weiterbildung/article/82971/1/Mehr_verkaufen_aber_wie/	Business
http://www.billigflieger.de/flughafen/BTS/	LifeAndLeisure
http://www.israel-palaestina.de/Nahostkonflikt-Artikel/Jenny-Rei-Praktikumsbericht.html	History
http://www.michaeljacksonmord.de/index.php	FineArts
http://www.theater-der-keller.de/index.php/Till.html	FineArts
http://www.bewerbungsentwurf.de/musterbewerbung-marketing-mit-berufserfahrung/	Business
http://www.wp-may.de/mergers_acquisitions.php	Business
http://www2.nwb.de/portal/content/ir/produkte/nwb_web_produkt_373619.aspx	Business
http://www.uni-bayreuth.de/studierendenkanzlei/versicherung/index.html	Law
http://www.prestigia.de/verkaufsbedingungen.html	Business
http://www.gew-sportkommission.de/arbeitsbel.html	PublicLifeAndInfrastructure
http://www.gablenberger-klaus.de/2010/08/02/	LifeAndLeisure
http://www.bogenundpfeile.de/Mentales_Training/Situationen.htm	LifeAndLeisure
http://www.gm.fh-koeln.de/~baerwolf/inhalte/wissweltbild.html	History
http://www.kapba.de/AnerkennungAbchasiens.html	History
http://www.biomarkt.de/6709_Voelkel_GmbH.html	Business
http://www.design-hsb.de/h50elt.htm	LifeAndLeisure
http://www.kreuzberger-chronik.de/chroniken/2002/juli/literatur.html	LifeAndLeisure
http://www.flug-und-mietwagen.de/spanien_flug_mietwagen.html	LifeAndLeisure
http://www.kuestenkanuwandern.de/ausruest/060129_d.html	LifeAndLeisure
http://www.landesgeschichte.uni-bonn.de/institut/instifr.htm	History
http://wagnerportal.de/wissen/opern/rienzi-der-letzte-der-tribunen/	FineArts
http://www.vorsicht-starke-worte.de/index.php?/archives/345-AdShopping-bringt-Websitebetreiber-und-Werbekunden-zusammen.html	Business
http://www.reise-facts.de/news/2247.html	Business
http://www.hassloch.de/home/0528084217/0326101731/print.html	LifeAndLeisure
http://www.online-age.de/forum/archive/index.php/t-28528.html	LifeAndLeisure
http://www.hassloch.de/home/copy_of_0603082036/print.html	Business
http://www.beyer-mietservice.de/bl/rlp/boppard/Gabelstapler-3544.html	Business
http://www.abc-hundeforum.de/1284-realisierung-eines-mobilen-tier-versorgungs-service.html	LifeAndLeisure
http://www.drombuschs.de/interviewjacqueshipplewith.htm	FineArts
http://www.messen.de/de/13638/in/Stuttgart/Motorbike%20Stuttgart/info.html	LifeAndLeisure
http://www.eisbachwelle.de/local-heroes/local-artists/river-surf-fotograf-dieter-verstl/	Individual
http://www.epilepsie-selbsthilfe.de/bayern/schweinfurt/Termine/erstehilfe.html	Medical
http://forum.eycos.de/archive/index.php/t-3362.html	LifeAndLeisure
http://www.obadoba.de/engelchronik/comments/never/	LifeAndLeisure
http://www.medizinberichte.de/forum/1145-dr-theiss-nachtkerzen-intensiv-salbe-fettend.html	LifeAndLeisure
http://www.atalk.de/thread1330/one-piece-anime-aktuell-spoiler.html	FineArts
http://www.stefanjahnel.de/NAzisM.htm	PoliticsSociety
http://www.helldriver-magazine.de/showInterview-ID-23.htm	Business
http://www.maria-und-elisabeth.de/garzweiler/pressespiegel/pressenotizen/rp_20060317_besuch_mit_seltenheitswert.htm	Beliefs
http://www.christian-pansch.de/mein-wissen/rund-um-typo3-und-content-management-systeme/vor-und-nachteile-von-content-management-systemen/	LifeAndLeisure
http://meike-wulf.homepage.t-online.de/html/body_literatur.html	FineArts
http://www.virtualtwilight.de/starwars/swnewsalt2.html	FineArts
http://www.rwscharf.homepage.t-online.de/faz01/faz0620.html	Science
http://www.namzu.de/skripte/bwl/organisation/kap7/Karrieren-IV.html	Business
http://www.netlink.de/gen/Zeitung/0626.htm	Medical
http://www.bahnbilder.burkhkoe.de/TT-HTM/TT5-7-Umbau.htm	LifeAndLeisure
http://medienmami.uni-ulm.de/2005/06/28/summer-high-seas-high-school-3917/print/	LifeAndLeisure
http://handlesforlove.get-vanified.de/html/mitternachtsgedanken.html	LifeAndLeisure
http://medienmami.uni-ulm.de/2007/06/18/fur-eine-woche-astronaut-sein-1609/print/	LifeAndLeisure
http://andreas-waechter.de/IRL/Tour2002/Tag04.html	LifeAndLeisure
http://www.willing-evers.de/1_nm/1010/nm-Panne-im-Gaestebuch-Chilenischer-Praesident-Pinera-Deutschland-ueber-alles.htm	PoliticsSociety
http://www.tillschroeder.de/artikel/studienreiseleiter.htm	Business
http://1amydumas1.beepworld.de/witze.htm	LifeAndLeisure
http://www.wifa.uni-leipzig.de/iwi/studium/wissenschaftliche-arbeiten/softwareentwicklung.html	Science
http://www.abimagazin.de/studium/studienpraxis_campus/studienorganisation_hochschule/mentoring-interview07906.htm	PublicLifeAndInfrastructure
http://lebensfreude.phpbb8.de/archive/t565.html	LifeAndLeisure
http://www.kath-jugend-borna.de/inhalt/ereignisse2004/ereignis75.htm	LifeAndLeisure
http://www.psychomeda.de/lexikon/extraversion.html	LifeAndLeisure
http://notfalllabor.de/News/520.html	Medical
http://uob.zarum.de/forum/archive/index.php/t-85328.html	LifeAndLeisure
http://www.erfolgs-blogging.de/blogkategorien/online-geld-verdienen/machen-sie-affiliate-marketing-mit-der-gieskanne/	Business
http://wk0.de/15Opp_268_288_Konsum.htm	Business
http://stellberger.vs152062.vserver.de/presse.html	LifeAndLeisure
http://www.thermopor.de/html/brenn84.htm	PublicLifeAndInfrastructure
http://www.dietutnix.de/	FineArts
http://www.wkf-whv.de/html/satzung.html	Business
http://www.ue.shuttle.de/ue/heg/beratung.htm	LifeAndLeisure
http://www.seemoz.de/lokal_regional/eine-bank-zu-viel-in-konstanz/	Business
http://www.spontis.de/gothic-friday/	LifeAndLeisure
http://www.tommr.de/davis-foster-wallace-unendlicher-spas/	FineArts
http://www.norddeutschland24.de/stralsund.php	History
http://www.toyone.de/Bauen-Spielen/LEGO/Bauen-Entdecken/LEGO-Creator/Creator-Gelbe-Flieger.html	Business
http://www.info-potsdam.de/landeshauptstadt-potsdam-stellt-solarwebseite-ins-netz-6876n.html	LifeAndLeisure
http://www.lesbenforen.de/iv/lofiversion/index.php/t14255.html	LifeAndLeisure
http://www.lesbenforen.de/iv/lofiversion/index.php/t12799.html	LifeAndLeisure
http://www.sekten-sachsen.de/holic-erlebnis-14.htm	Beliefs
http://www.cl.uni-heidelberg.de/courses/archiv/ss05/lexsem/	PublicLifeAndInfrastructure
http://www.efoxy.de/tag/abgleich/	LifeAndLeisure
http://www.celinstraumseiten.de/Esoterik/Aufgestiegene%20Meister/Buddha%20Gautama.htm	Beliefs
http://medienkulturblog.de/2009-09-09-mediale-produkte-zwischen-produktion-rezeption-und-narration/	FineArts
http://www.bloesl.de/Reiseberichte/Australien/Kaenguru.htm	LifeAndLeisure
http://www.carl-bechstein-gymnasium.de/service/artikel/archiv/presse_sp/08-05-21_moz.htm	PublicLifeAndInfrastructure
http://www.dozentenvertretung.de/soziale_frage/soziale-segregation_vhs.htm	PoliticsSociety
http://www.suchmaschinenland.de/tipps/index.php/warum-und-fur-wen-sind-frames-ein-problem/	LifeAndLeisure
http://www.arbeitsgemeinschaft-finanzen.de/cards/revolving-kreditkarten.php	Business
http://www.evers-kunst.de/aktuell_kp-forum.htm	FineArts
http://www.integral-ggmbh.de/Joomla/content/view/442/281/	FineArts
http://www.beschallungs-tipps.de/html/workshop_mai_2009.html	FineArts
http://www.zum-heiligsten-erloeser.de/SrDePace/Berichte/dePace2008/SrdePace.htm	Beliefs
http://www.meerane.de/meerane/meerane_news/2007/07_07/aktuell07_07/pm_hitachi.htm	Business
http://www.achtung-analog.de/farbkonv.html	Science
http://www.sandras-testblog.de/i-m-berlin-korperlotion-4162/	LifeAndLeisure
http://www.gymnasium-unterrieden.de/ereignis/2005/stufa/moskau/parnass.htm	History
http://www.artfiler.de/newsletter/DasMaterialSammlungGoetz_2.php	FineArts
http://muenchen.neue-akropolis.de/content/view/505/53/	Beliefs
http://www.solarstrom-forum.de/wechselrichter/675-ist-mein-wechselrichter-zu-klein-dimensioniert.html	LifeAndLeisure
http://www.espanien.de/blog/2008/08/13/warum-ein-urlaub-in-spanien-einfach-spas-macht/	LifeAndLeisure
http://www.rollenspiel-info.de/path-almanach-zu-absalom.html	FineArts
http://www.die-linke-bornheim.de/nc/news/detail/browse/20/zurueck/lcmsbgbornheim/artikel/hand-in-hand/	PoliticsSociety
http://www.la-coaching-academy.de/2008_trainingslehre/2008-11-22-hoehentraining-4.php	LifeAndLeisure
http://www.bigfishgames.de/download-spiele/12366/relics-of-fate-ein-krimi-mit-penny-macey/index.html	LifeAndLeisure
http://www.horstfranzke.de/Artikel/sharpeningSaw.html	Business
http://www.leipzig-almanach.de/literatur_deutsche_buecherei_bernhard_echte_ueber_robert_walser_lesung_zur_leipziger_buchmesse_grit_kalies.html	FineArts
http://www.zweitakte.de/modelle/umbau/gt250_MarkusH.htm	LifeAndLeisure
http://www.tv-stammheim.de/outdoor/6-rad/berichte/2009-03-22-abschluss/2009-03-22-abschluss.html	LifeAndLeisure
http://www.georgiano.de/georgien/Reiseberichte/Georgien%20Reisebericht_Dr.%20W.%20Seywald.html	LifeAndLeisure
http://www.derdom.de/Hartz-IV-Empfaenger-als-Klimaschuetzer.2389.0.html	LifeAndLeisure
http://rollenspiele.forumo.de/play-area/die-taverne-tief-wald-freeplay-t506-100.html	LifeAndLeisure
http://www.cardiologe.de/herzdiag/belast_ekg.htm	Medical
http://lodylette.auslandsblog.de/im-land-des-siegers/	LifeAndLeisure
http://www.agenda21-leonberg.de/Aktuelles/maurmeier.htm	LifeAndLeisure
http://www.events-und-trends.de/data/7zwerge.html	FineArts
http://www.schoenbeck-borkum.de/Borkumer%20Lehr%20Pfad.html	LifeAndLeisure
http://www.mylifestyleblog.de/allgemeines/rachel-weisz-als-markenbotschafterin-von-loreal.html	Business
http://www.cbm.de/artikel/Druck_246272.html	Individual
http://muenchen.neue-akropolis.de/content/view/197/52/	FineArts
http://cbz-1910.de/html/sudwest.html	Individual
http://www.atemschutzunfaelle.de/schutzkleidung/waermefenster.html	PublicLifeAndInfrastructure
http://www.mtvriede.de/newsreader/items/-249.html	LifeAndLeisure
http://www.innenministerium.bayern.de/presse/archiv/2011/print_154.php	PoliticsSociety
http://www.baseball-softball-forum.de/archive/index.php/t-1367.html	LifeAndLeisure
http://www.onkologiepartner.de/kongresse/kongressberichte/	Medical
http://www.stargebot.de/news/interview-mit-kai-hill/	PoliticsSociety
http://www.wzg-meddersheim.de/Wir-ueber-uns.ueber_uns.0.html	Business
http://www.foerderplanet.de/sb/semlex/skripte/wygotski.html	Philosophy
http://www.stuhler.de/2011/s_18.html	History
http://fussballvonlinks.blogsport.de/2011/06/06/bear-city-roller-derby-represent/	LifeAndLeisure
http://www.designerzone.de/webdesign-tutorial.php	LifeAndLeisure
http://www.borromedien.de/books/book/20101320316/	FineArts
http://aktion-allen-menschen-ein-grab.beepworld.de/katholisch.htm	Beliefs
http://www.103er.de/daten/faq/frage03.htm	PublicLifeAndInfrastructure
http://www.amf-verein.de/aktuelles/nachruf-horst_hesse.html	History
http://www.gebrauchtemusik.de/faq.html	FineArts
http://www.citypraxen.de/index.php/Infektionskrankheiten/mumps.html	Medical
http://www.provence-netz.de/174/2010-0093/Ostern-Provence2010.html	LifeAndLeisure
http://www.lyssas-lounge.de/peepshow/archiv/000356.html	LifeAndLeisure
http://www.nof-schule.de/forum/archive/index.php/thread-163.html	LifeAndLeisure
http://www.planetpoodle.de/health/epilepsie/info.php	Medical
http://www.cdu-politik.de/www/cdupolitik/wordpress314/2009/05/29/europawahl-verstoss-gegen-grundregeln-der-demokratie/	Law
http://www.reisequalitaet.de/429.0.html	LifeAndLeisure
http://www.brokdorf-antiakw.de/mahnwachen/1994-02-09--nr.html	Beliefs
http://heynen-heizung-sanitaer.de/sanitaer.html	Business
http://diablo3.gamona.de/blues/topic/forenrichtlinien-bitte-lesen,2583878379.html	LifeAndLeisure
http://www.asmussweb.de/Buecher/index.html	Beliefs
http://jesus-web.de/bibel/buch/jud008.htm	Beliefs
http://www.vfb.de/archiv/de/saison/vfb/cl/gruppen/2009/4.php	LifeAndLeisure
http://www.schmetter-ball.de/2002/news0212_1.htm	LifeAndLeisure
http://www.schmetter-ball.de/news0505_2.htm	LifeAndLeisure
http://www.marienhospital-stuttgart.de/patienten-info/aufenthalt-von-a-bis-z/fernsehen-radio-telefon/print.html	Business
http://www.musuma.de/Artists/C/Chipz/index.html	FineArts
http://www.kulturraumverdichtung.de/2008/07/19/balzac-am-bahnhof-paris-nord.html	FineArts
http://dieboersenblogger.de/16120/2011/03/market-preview-dax-kommt-nicht-vom-fleck-oder-doch/	Business
http://www.ellifan.de/46.html	FineArts
http://www.drewoll.de/leseproben-und-gedichte/	FineArts
http://blog-trifft-ball.de/wochenticker-14-oberliga-hamburg-st-pauli-altona-meiendorf-condor-curslack-bergedorf-schnelsen-rugenbergen-concordia-wedel-bramfeld-oststeinbek/	LifeAndLeisure
http://information-retrieval.de/ifs/html/book_1.part_5.chapter_4.section_4.html	Science
http://www.smava-blog.de/tag/geld-leihen/	Business
http://www.text-der-stadt.de/fledermaus.html	FineArts
http://www.architektenkammer-mv.de/de/architektur-baukultur-in-m-v/planerwerkstaetten/pw-dorf-mecklenburg/	FineArts
http://www.hatschie.de/EBV/Astro_gross/052.html	FineArts
http://www.b4boberbayern.de/nachrichten/muenchen-stadt_artikel,-Immobilien-stehen-hoch-im-Kurs-_arid,106610.html	Business
http://www.caspari-kaserne.de/de/stov39.php	History
http://www.goldwing-forum.de/forum/archiv/topic_10473.html	Business
http://www.emkweltmission.de/leitlinien_begegnungen.html	Beliefs
http://forum.cx-sport.de/archive/index.php/t-162.html	LifeAndLeisure
http://www.arsano.de/1030/paraffin-oel-paraffinoe.html	LifeAndLeisure
http://www.drk-kliniken-berlin.de/unternehmen/meldungen/einladung-zum-arzt-patienten-gespraech/	Medical
http://www.rhein-sieg-tv.de/beitraege___archiv/Flughafen:_12216_Mitarbeiter_in_127_Betrieben____-3164.html	Business
http://www.euro-scene.de/v2/en/festivals/2010/pressespiegel/	FineArts
http://www.implantat-wissen.de/printable/vomplanzumzahn/4einheilung/index.php	Medical
http://www.schirn-magazin.de/kontext/surreale-serie-%e2%80%93-salvador-dali/	FineArts
